{
  "created_at": "2026-01-22T23:53:17.997124",
  "n_classes": 17,
  "classes": [
    "BLCA",
    "BRCA",
    "COAD",
    "GBM",
    "HNSC",
    "KIRC",
    "LGG",
    "LIHC",
    "LUAD",
    "LUSC",
    "OV",
    "PAAD",
    "PRAD",
    "SKCM",
    "STAD",
    "THCA",
    "UCEC"
  ],
  "n_genes": 5000,
  "best_params": {
    "iterations": 556,
    "learning_rate": 0.0327636407868471,
    "depth": 7,
    "l2_leaf_reg": 0.028856223618597375,
    "border_count": 72,
    "bagging_temperature": 0.7642198760773333,
    "random_strength": 2.9426595861790856
  },
  "cv_results": {
    "accuracy": {
      "mean": 0.9698554085925727,
      "std": 0.007936863694472395
    },
    "f1_macro": {
      "mean": 0.9653306509011322,
      "std": 0.016699726615238695
    },
    "mcc": {
      "mean": 0.9679317625969821,
      "std": 0.008445588635189096
    }
  }
}