{
  "created_at": "2026-01-23T14:56:19.697125",
  "n_classes": 17,
  "classes": [
    "BLCA",
    "BRCA",
    "COAD",
    "GBM",
    "HNSC",
    "KIRC",
    "LGG",
    "LIHC",
    "LUAD",
    "LUSC",
    "OV",
    "PAAD",
    "PRAD",
    "SKCM",
    "STAD",
    "THCA",
    "UCEC"
  ],
  "n_genes": 5000,
  "best_params": {
    "iterations": 414,
    "learning_rate": 0.05111938883158829,
    "depth": 6,
    "l2_leaf_reg": 0.02400768344815637,
    "border_count": 173,
    "bagging_temperature": 0.1521854505758396,
    "random_strength": 4.084378542696767
  },
  "cv_results": {
    "accuracy": {
      "mean": 0.9696640730559569,
      "std": 0.00812390889471039
    },
    "f1_macro": {
      "mean": 0.9664026817401197,
      "std": 0.010073907115940594
    },
    "mcc": {
      "mean": 0.9677440451065771,
      "std": 0.008624298922595874
    }
  }
}